Tabel,Kolom,DataKey,Urutan,Blok,Nomor Rincian,Label,Tipe,Keterangan
tgr_fd68e454.se2026_nested,pilih_umkm_sls_label,pilih_umkm_sls,103,SE2026 - L BLOK II,,Pilih UMKM dalam satu SLS yang sama,Select,
tgr_fd68e454.se2026_nested,pilih_umkm_sls_value,pilih_umkm_sls,103,SE2026 - L BLOK II,,Pilih UMKM dalam satu SLS yang sama,Select,
tgr_fd68e454.se2026_nested,prov_l,prov_l,106,SE2026 - L BLOK II,1,Provinsi,Variable,
tgr_fd68e454.se2026_nested,kab_l,kab_l,107,SE2026 - L BLOK II,2,Kabupaten/Kota,Variable,
tgr_fd68e454.se2026_nested,kec_l,kec_l,110,SE2026 - L BLOK II,3,Kecamatan,Variable,
tgr_fd68e454.se2026_nested,desa_l,desa_l,112,SE2026 - L BLOK II,4,Kelurahan/Desa/Nagari,Variable,
tgr_fd68e454.se2026_nested,kodesls_l,kodesls_l,114,SE2026 - L BLOK II,,Kode SLS/Sub-SLS,Variable,
tgr_fd68e454.se2026_nested,sls_l,sls_l,116,SE2026 - L BLOK II,,Nama SLS/Sub-SLS,Variable,
tgr_fd68e454.se2026_nested,no_bang_l,no_bang_l,117,SE2026 - L BLOK II,6,Nomor Bangunan,Variable,
tgr_fd68e454.se2026_nested,no_usaha,no_usaha,119,SE2026 - L BLOK II,7,Nomor Urut Usaha/Perusahaan,Variable,
tgr_fd68e454.se2026_nested,nama_usaha,nama_usaha,120,SE2026 - L BLOK II,8,a. Nama usaha/perusahaan,Variable,
tgr_fd68e454.se2026_nested,keberadaan_usaha_label,keberadaan_usaha,121,SE2026 - L BLOK II,,Keberadaan Usaha,Radio Group,
tgr_fd68e454.se2026_nested,keberadaan_usaha_value,keberadaan_usaha,121,SE2026 - L BLOK II,,Keberadaan Usaha,Radio Group,
tgr_fd68e454.se2026_nested,nama_usaha_edit,nama_usaha_edit,122,SE2026 - L BLOK II,,$label_edit $hint_edit,Text Input,
tgr_fd68e454.se2026_nested,nama_komersial,nama_komersial,123,SE2026 - L BLOK II,8,"b. Nama komersial usaha/perusahaan Jika tidak memiliki nama komersial, maka tuliskan nama usaha/perusahaan.",Text Input,
tgr_fd68e454.se2026_nested,alamat_usaha_view,alamat_usaha_view,124,SE2026 - L BLOK II,8c,Alamat usaha/perusahaan,Text Area,
tgr_fd68e454.se2026_nested,rt,rt,125,SE2026 - L BLOK II,,• RT,Text Input,
tgr_fd68e454.se2026_nested,rw,rw,126,SE2026 - L BLOK II,,• RW,Text Input,
tgr_fd68e454.se2026_nested,kode_pos,kode_pos,127,SE2026 - L BLOK II,,• Kode Pos,Variable,
tgr_fd68e454.se2026_nested,kode_area,kode_area,128,SE2026 - L BLOK II,,- Kode Area,Text Input,
tgr_fd68e454.se2026_nested,no_telp,no_telp,129,SE2026 - L BLOK II,,- Nomor Telepon,Text Input,
tgr_fd68e454.se2026_nested,eks,eks,130,SE2026 - L BLOK II,,- Ekstensi,Text Input,
tgr_fd68e454.se2026_nested,email,email,131,SE2026 - L BLOK II,,• Email,Text Input,
tgr_fd68e454.se2026_nested,hp,hp,132,SE2026 - L BLOK II,,• Nomor HP/whatsapp:,Text Input,
tgr_fd68e454.se2026_nested,website,website,133,SE2026 - L BLOK II,,• Homepage/website Alamat website diawali dengan www. Contoh : www.bps.go.id,Text Input,
tgr_fd68e454.se2026_nested,jenis_kawasan_label,jenis_kawasan,134,SE2026 - L BLOK II,8,d. Jenis kawasan beroperasi,Radio Group,
tgr_fd68e454.se2026_nested,jenis_kawasan_value,jenis_kawasan,134,SE2026 - L BLOK II,8,d. Jenis kawasan beroperasi,Radio Group,
tgr_fd68e454.se2026_nested,nama_kek_ki_label,nama_kek_ki,135,SE2026 - L BLOK II,8,e. Nama KEK/KI,Select,
tgr_fd68e454.se2026_nested,nama_kek_ki_value,nama_kek_ki,135,SE2026 - L BLOK II,8,e. Nama KEK/KI,Select,
tgr_fd68e454.se2026_nested,nama_kawasan,nama_kawasan,136,SE2026 - L BLOK II,8,"e. Nama kawasan Contoh: KEK Mandalika, Kawasan Industri Jababeka, Stasiun Gambir, Bandara Soekarno-Hatta, Pelabuhan Tanjung Priok, Terminal Pulo Gebang, Rest Area KM 57 Tol Jakarta–Cikampek, Sentra Batik Laweyan, Kompleks Pertokoan ITC Mangga Dua",Text Input,
tgr_fd68e454.se2026_nested,jenis_usaha_label,jenis_usaha,137,SE2026 - L BLOK II,9,a. Apa jenis usaha/perusahaan ini?,Radio Group,
tgr_fd68e454.se2026_nested,jenis_usaha_value,jenis_usaha,137,SE2026 - L BLOK II,9,a. Apa jenis usaha/perusahaan ini?,Radio Group,
tgr_fd68e454.se2026_nested,alamat_usaha_utama,alamat_usaha_utama,138,SE2026 - L BLOK II,9,b1. Alamat/lokasi usaha utama,Text Area,
tgr_fd68e454.se2026_nested,prov_usaha_utama_label,prov_usaha_utama,139,SE2026 - L BLOK II,9,b2. Provinsi,Select,
tgr_fd68e454.se2026_nested,prov_usaha_utama_value,prov_usaha_utama,139,SE2026 - L BLOK II,9,b2. Provinsi,Select,
tgr_fd68e454.se2026_nested,kab_usaha_utama_label,kab_usaha_utama,140,SE2026 - L BLOK II,9,b3. Kabupaten/Kota,Select,
tgr_fd68e454.se2026_nested,kab_usaha_utama_value,kab_usaha_utama,140,SE2026 - L BLOK II,9,b3. Kabupaten/Kota,Select,
tgr_fd68e454.se2026_nested,punya_nib_label,punya_nib,141,SE2026 - L BLOK II,10,a. Apakah memiliki Nomor Induk Berusaha (NIB)?,Radio Group,
tgr_fd68e454.se2026_nested,punya_nib_value,punya_nib,141,SE2026 - L BLOK II,10,a. Apakah memiliki Nomor Induk Berusaha (NIB)?,Radio Group,
tgr_fd68e454.se2026_nested,nib,nib,142,SE2026 - L BLOK II,10,b. Tuliskan NIB:,Text Input,
tgr_fd68e454.se2026_nested,tidak_nib_label,tidak_nib,144,SE2026 - L BLOK II,10,c. Apa alasan utama tidak memiliki NIB?,Radio Group,
tgr_fd68e454.se2026_nested,tidak_nib_value,tidak_nib,144,SE2026 - L BLOK II,10,c. Apa alasan utama tidak memiliki NIB?,Radio Group,
tgr_fd68e454.se2026_nested,nib_lainnya,nib_lainnya,145,SE2026 - L BLOK II,10,"c. Lainnya, tuliskan....",Text Input,
tgr_fd68e454.se2026_nested,badan_usaha_label,badan_usaha,146,SE2026 - L BLOK II,11,a. Apa status badan usaha dari usaha/perusahaan ini?,Radio Group,
tgr_fd68e454.se2026_nested,badan_usaha_value,badan_usaha,146,SE2026 - L BLOK II,11,a. Apa status badan usaha dari usaha/perusahaan ini?,Radio Group,
tgr_fd68e454.se2026_nested,koperasi_kdkmp_label,koperasi_kdkmp,147,SE2026 - L BLOK II,11,b. Apakah koperasi ini merupakan Koperasi Desa/Kelurahan Merah Putih (KDKMP)?,Radio Group,
tgr_fd68e454.se2026_nested,koperasi_kdkmp_value,koperasi_kdkmp,147,SE2026 - L BLOK II,11,b. Apakah koperasi ini merupakan Koperasi Desa/Kelurahan Merah Putih (KDKMP)?,Radio Group,
tgr_fd68e454.se2026_nested,jenis_koperasi_label,jenis_koperasi,148,SE2026 - L BLOK II,11,c. Apa jenis koperasi ini berdasarkan layanannya?,Radio Group,
tgr_fd68e454.se2026_nested,jenis_koperasi_value,jenis_koperasi,148,SE2026 - L BLOK II,11,c. Apa jenis koperasi ini berdasarkan layanannya?,Radio Group,
tgr_fd68e454.se2026_nested,lap_keuangan_label,lap_keuangan,149,SE2026 - L BLOK II,11,d. Apakah mempunyai laporan/catatan keuangan?,Radio Group,
tgr_fd68e454.se2026_nested,lap_keuangan_value,lap_keuangan,149,SE2026 - L BLOK II,11,d. Apakah mempunyai laporan/catatan keuangan?,Radio Group,
tgr_fd68e454.se2026_nested,pengusaha_var_label,pengusaha_var,150,SE2026 - L BLOK II,12,a. Nama Pengusaha / Penanggung Jawab,Select,
tgr_fd68e454.se2026_nested,pengusaha_var_value,pengusaha_var,150,SE2026 - L BLOK II,12,a. Nama Pengusaha / Penanggung Jawab,Select,
tgr_fd68e454.se2026_nested,pengusaha,pengusaha,151,SE2026 - L BLOK II,12,a. Nama Pengusaha / Penanggung Jawab,Text Input,
tgr_fd68e454.se2026_nested,jk_var,jk_var,152,SE2026 - L BLOK II,12,b. Jenis Kelamin,Variable,
tgr_fd68e454.se2026_nested,jk_label,jk,153,SE2026 - L BLOK II,12,b. Jenis Kelamin,Radio Group,
tgr_fd68e454.se2026_nested,jk_value,jk,153,SE2026 - L BLOK II,12,b. Jenis Kelamin,Radio Group,
tgr_fd68e454.se2026_nested,umur_pj_var,umur_pj_var,154,SE2026 - L BLOK II,12,c. Umur,Variable,
tgr_fd68e454.se2026_nested,umur,umur,155,SE2026 - L BLOK II,12,c. Umur,Number,
tgr_fd68e454.se2026_nested,nik_pengusaha_var,nik_pengusaha_var,156,SE2026 - L BLOK II,12,d. Nomor Induk Kependudukan (NIK ),Variable,
tgr_fd68e454.se2026_nested,nik_pengusaha,nik_pengusaha,157,SE2026 - L BLOK II,12,d. Nomor Induk Kependudukan (NIK),Text Input,
tgr_fd68e454.se2026_nested,keg_utama,keg_utama,159,SE2026 - L BLOK II,13,a. Apa kegiatan utama usaha/perusahaan ini? Tuliskan selengkapnya,Text Input,
tgr_fd68e454.se2026_nested,produk_sendiri_label,produk_sendiri,160,SE2026 - L BLOK II,13,b1. Apakah memproduksi barang di lokasi ini?,Radio Group,
tgr_fd68e454.se2026_nested,produk_sendiri_value,produk_sendiri,160,SE2026 - L BLOK II,13,b1. Apakah memproduksi barang di lokasi ini?,Radio Group,
tgr_fd68e454.se2026_nested,layanan_mamin_label,layanan_mamin,161,SE2026 - L BLOK II,13,"b2. Apakah menyediakan layanan makan minum? Ciri: terdapat kegiatan peracikkan, pemanasan ulang, atau pembuatan produk berdasarkan pesanan/permintaan pelanggan",Radio Group,
tgr_fd68e454.se2026_nested,layanan_mamin_value,layanan_mamin,161,SE2026 - L BLOK II,13,"b2. Apakah menyediakan layanan makan minum? Ciri: terdapat kegiatan peracikkan, pemanasan ulang, atau pembuatan produk berdasarkan pesanan/permintaan pelanggan",Radio Group,
tgr_fd68e454.se2026_nested,keg_penjualan_label,keg_penjualan,162,SE2026 - L BLOK II,13,b3. Apakah melakukan penjualan barang?,Radio Group,
tgr_fd68e454.se2026_nested,keg_penjualan_value,keg_penjualan,162,SE2026 - L BLOK II,13,b3. Apakah melakukan penjualan barang?,Radio Group,
tgr_fd68e454.se2026_nested,keg_jasa_label,keg_jasa,163,SE2026 - L BLOK II,13,b4. Pilih salah satu aktivitas yang dilakukan:,Radio Group,
tgr_fd68e454.se2026_nested,keg_jasa_value,keg_jasa,163,SE2026 - L BLOK II,13,b4. Pilih salah satu aktivitas yang dilakukan:,Radio Group,
tgr_fd68e454.se2026_nested,lokasi_usaha_label,lokasi_usaha,164,SE2026 - L BLOK II,13,c. Di mana usaha tersebut biasa dilakukan?,Radio Group,
tgr_fd68e454.se2026_nested,lokasi_usaha_value,lokasi_usaha,164,SE2026 - L BLOK II,13,c. Di mana usaha tersebut biasa dilakukan?,Radio Group,
tgr_fd68e454.se2026_nested,input,input,165,SE2026 - L BLOK II,13,"d. Apa input yang digunakan? Contoh: daging ikan, tepung; daging kebab, kulit kebab, sayuran; bambu; jagung pipil; kaca; kain; kulit sapi; kayu bulat; rotan; kunci polos",Text Area,
tgr_fd68e454.se2026_nested,proses,proses,166,SE2026 - L BLOK II,13,e. Bagaimana proses mengubah input tersebut menjadi produk output (beserta alatnya)? Contoh: menggiling daging ikan menjadi sosis; membuat kebab di rumah dan sudah dikemasi kemudian dititipkan di warung; penggaraman; pengasapan; pemindangan; pembekuan.,Text Area,
tgr_fd68e454.se2026_nested,produk,produk,167,SE2026 - L BLOK II,13,f. Apa produk utama yang dihasilkan?,Text Input,
tgr_fd68e454.se2026_nested,kbli_genai_label,kbli_genai,168,SE2026 - L BLOK II,13,g. Kode KBLI,Radio Group,
tgr_fd68e454.se2026_nested,kbli_genai_value,kbli_genai,168,SE2026 - L BLOK II,13,g. Kode KBLI,Radio Group,
tgr_fd68e454.se2026_nested,kbli_label,kbli,169,SE2026 - L BLOK II,,Pilih dari Master KBLI,Select,
tgr_fd68e454.se2026_nested,kbli_value,kbli,169,SE2026 - L BLOK II,,Pilih dari Master KBLI,Select,
tgr_fd68e454.se2026_nested,kategori,kategori,170,SE2026 - L BLOK II,13,h. Kategori Lapangan Usaha:,Variable,
tgr_fd68e454.se2026_nested,cek_kbli_pml_label,cek_kbli_pml,171,SE2026 - L BLOK II,,Cek Kategori & KBLI (Diisi oleh PML),Radio Group,
tgr_fd68e454.se2026_nested,cek_kbli_pml_value,cek_kbli_pml,171,SE2026 - L BLOK II,,Cek Kategori & KBLI (Diisi oleh PML),Radio Group,
tgr_fd68e454.se2026_nested,klasifikasi_label,klasifikasi,172,SE2026 - L BLOK II,13,"i. Jika usaha/perusahaan merupakan akomodasi jangka pendek, apa klasifikasi usaha/perusahaan ini?",Radio Group,
tgr_fd68e454.se2026_nested,klasifikasi_value,klasifikasi,172,SE2026 - L BLOK II,13,"i. Jika usaha/perusahaan merupakan akomodasi jangka pendek, apa klasifikasi usaha/perusahaan ini?",Radio Group,
tgr_fd68e454.se2026_nested,jaringan_label,jaringan,173,SE2026 - L BLOK II,14,a. Apa jaringan usaha dari usaha/perusahaan ini?,Radio Group,
tgr_fd68e454.se2026_nested,jaringan_value,jaringan,173,SE2026 - L BLOK II,14,a. Apa jaringan usaha dari usaha/perusahaan ini?,Radio Group,
tgr_fd68e454.se2026_nested,jumlah_kc,jumlah_kc,174,SE2026 - L BLOK II,14,b. Berapa jumlah seluruh kantor cabang dan unit usaha yang berada di bawah kantor pusat?,Number,
tgr_fd68e454.se2026_nested,nama_kp,nama_kp,175,SE2026 - L BLOK II,15,a. Nama Kantor Pusat,Text Input,
tgr_fd68e454.se2026_nested,alamat_kp,alamat_kp,176,SE2026 - L BLOK II,15,b. Alamat Kantor Pusat,Text Area,
tgr_fd68e454.se2026_nested,email_kp,email_kp,177,SE2026 - L BLOK II,15,c. Email,Text Input,
tgr_fd68e454.se2026_nested,negara_kp_label,negara_kp,178,SE2026 - L BLOK II,15,d. Negara,Select,
tgr_fd68e454.se2026_nested,negara_kp_value,negara_kp,178,SE2026 - L BLOK II,15,d. Negara,Select,
tgr_fd68e454.se2026_nested,prov_kp_label,prov_kp,179,SE2026 - L BLOK II,15,e. Provinsi,Select,
tgr_fd68e454.se2026_nested,prov_kp_value,prov_kp,179,SE2026 - L BLOK II,15,e. Provinsi,Select,
tgr_fd68e454.se2026_nested,kab_kp_label,kab_kp,180,SE2026 - L BLOK II,15,f. Kabupaten/Kota,Select,
tgr_fd68e454.se2026_nested,kab_kp_value,kab_kp,180,SE2026 - L BLOK II,15,f. Kabupaten/Kota,Select,
tgr_fd68e454.se2026_nested,internet_label,internet,181,SE2026 - L BLOK II,16,a. Apakah usaha/perusahaan ini menggunakan internet dalam menjalankan usaha?,Radio Group,
tgr_fd68e454.se2026_nested,internet_value,internet,181,SE2026 - L BLOK II,16,a. Apakah usaha/perusahaan ini menggunakan internet dalam menjalankan usaha?,Radio Group,
tgr_fd68e454.se2026_nested,internet_produksi_label,internet_produksi,182,SE2026 - L BLOK II,16,b2. Produksi barang/jasa,Radio Group,
tgr_fd68e454.se2026_nested,internet_produksi_value,internet_produksi,182,SE2026 - L BLOK II,16,b2. Produksi barang/jasa,Radio Group,
tgr_fd68e454.se2026_nested,internet_pesanan_label,internet_pesanan,183,SE2026 - L BLOK II,16,b1. Menerima pesanan barang/jasa,Radio Group,
tgr_fd68e454.se2026_nested,internet_pesanan_value,internet_pesanan,183,SE2026 - L BLOK II,16,b1. Menerima pesanan barang/jasa,Radio Group,
tgr_fd68e454.se2026_nested,internet_distribusi_label,internet_distribusi,184,SE2026 - L BLOK II,16,b3. Distribusi barang/jasa,Radio Group,
tgr_fd68e454.se2026_nested,internet_distribusi_value,internet_distribusi,184,SE2026 - L BLOK II,16,b3. Distribusi barang/jasa,Radio Group,
tgr_fd68e454.se2026_nested,internet_beli_label,internet_beli,185,SE2026 - L BLOK II,16,b4. Membeli bahan baku online,Radio Group,
tgr_fd68e454.se2026_nested,internet_beli_value,internet_beli,185,SE2026 - L BLOK II,16,b4. Membeli bahan baku online,Radio Group,
tgr_fd68e454.se2026_nested,internet_promosi_label,internet_promosi,186,SE2026 - L BLOK II,16,b5. Promosi,Radio Group,
tgr_fd68e454.se2026_nested,internet_promosi_value,internet_promosi,186,SE2026 - L BLOK II,16,b5. Promosi,Radio Group,
tgr_fd68e454.se2026_nested,internet_lainnya_label,internet_lainnya,187,SE2026 - L BLOK II,16,b6. Lainnya,Radio Group,
tgr_fd68e454.se2026_nested,internet_lainnya_value,internet_lainnya,187,SE2026 - L BLOK II,16,b6. Lainnya,Radio Group,
tgr_fd68e454.se2026_nested,digital_label,digital,188,SE2026 - L BLOK II,16,"c. Apakah usaha/perusahaan ini memanfaatkan teknologi digital Aritifical Intelligence (AI), Internet of Things (IoT), big data, printer 3D, blockchain, atau cloud computing ?",Radio Group,
tgr_fd68e454.se2026_nested,digital_value,digital,188,SE2026 - L BLOK II,16,"c. Apakah usaha/perusahaan ini memanfaatkan teknologi digital Aritifical Intelligence (AI), Internet of Things (IoT), big data, printer 3D, blockchain, atau cloud computing ?",Radio Group,
tgr_fd68e454.se2026_nested,produksi_lingkungan_label,produksi_lingkungan,189,SE2026 - L BLOK II,17,"a. Apakah usaha/perusahaan ini memproduksi barang/jasa yang ramah lingkungan ? Contoh: Produk efisiensi energi (lampu atau mesin hemat listrik); Energi terbarukan (panel surya, turbin angin, biogas); Kendaraan ramah lingkungan (kendaraan listrik/ hybrid); Produk berbahan daur ulang (kertas/plastik daur ulang, kemasan ramah lingkungan); Jasa pengelolaan dan pembersihan limbah dan sampah (pengolahan sampah/ air limbah, daur ulang)",Radio Group,
tgr_fd68e454.se2026_nested,produksi_lingkungan_value,produksi_lingkungan,189,SE2026 - L BLOK II,17,"a. Apakah usaha/perusahaan ini memproduksi barang/jasa yang ramah lingkungan ? Contoh: Produk efisiensi energi (lampu atau mesin hemat listrik); Energi terbarukan (panel surya, turbin angin, biogas); Kendaraan ramah lingkungan (kendaraan listrik/ hybrid); Produk berbahan daur ulang (kertas/plastik daur ulang, kemasan ramah lingkungan); Jasa pengelolaan dan pembersihan limbah dan sampah (pengolahan sampah/ air limbah, daur ulang)",Radio Group,
tgr_fd68e454.se2026_nested,perlindungan_lingkungan_label,perlindungan_lingkungan,190,SE2026 - L BLOK II,17,"b. Apakah usaha/perusahaan ini menggunakan input untuk tujuan perlindungan lingkungan dan/atau pembelian barang dan jasa yang ramah lingkungan? Contoh: Pengeluaran untuk pengelolaan dan pembersihan limbah dan sampah, pengendalian polusi udara, perbaikan tanah/ air tanah, pengurangan kebisingan, pelestarian alam/keanekaragaman hayati, audit/ penilaian lingkungan",Radio Group,
tgr_fd68e454.se2026_nested,perlindungan_lingkungan_value,perlindungan_lingkungan,190,SE2026 - L BLOK II,17,"b. Apakah usaha/perusahaan ini menggunakan input untuk tujuan perlindungan lingkungan dan/atau pembelian barang dan jasa yang ramah lingkungan? Contoh: Pengeluaran untuk pengelolaan dan pembersihan limbah dan sampah, pengendalian polusi udara, perbaikan tanah/ air tanah, pengurangan kebisingan, pelestarian alam/keanekaragaman hayati, audit/ penilaian lingkungan",Radio Group,
tgr_fd68e454.se2026_nested,produk_seni_label,produk_seni,191,SE2026 - L BLOK II,18,"Apakah usaha/perusahaan ini menggunakan produk karya seni, sastra, desain, teknologi atau warisan budaya , baik diproduksi sendiri maupun oleh pihak lain? Contoh produk karya seni: lukisan, patung, kerajinan, musik, tari, foto, film, ilustrasi, animasi, board game, dll. Contoh produk sastra: puisi, cerpen, novel, naskah drama, dll. Contoh produk desain: arsitektur, desain produk, desain interior, desain komunikasi visual, desain fesyen, dll. Contoh produk teknologi: perangkat lunak (software), aplikasi digital, aplikasi gim, perangkat elektronik, dll. Contoh produk warisan budaya: makanan tradisional, peralatan tradisional, obat tradisional, dll.",Radio Group,
tgr_fd68e454.se2026_nested,produk_seni_value,produk_seni,191,SE2026 - L BLOK II,18,"Apakah usaha/perusahaan ini menggunakan produk karya seni, sastra, desain, teknologi atau warisan budaya , baik diproduksi sendiri maupun oleh pihak lain? Contoh produk karya seni: lukisan, patung, kerajinan, musik, tari, foto, film, ilustrasi, animasi, board game, dll. Contoh produk sastra: puisi, cerpen, novel, naskah drama, dll. Contoh produk desain: arsitektur, desain produk, desain interior, desain komunikasi visual, desain fesyen, dll. Contoh produk teknologi: perangkat lunak (software), aplikasi digital, aplikasi gim, perangkat elektronik, dll. Contoh produk warisan budaya: makanan tradisional, peralatan tradisional, obat tradisional, dll.",Radio Group,
tgr_fd68e454.se2026_nested,halal_label,halal,192,SE2026 - L BLOK II,19,a. Apakah usaha/perusahaan ini menghasilkan produk bersertifikat halal? Rincian 19 hanya ditanyakan kepada kategori usaha/perusahaan khusus berdasarkan BPJPH.,Radio Group,
tgr_fd68e454.se2026_nested,halal_value,halal,192,SE2026 - L BLOK II,19,a. Apakah usaha/perusahaan ini menghasilkan produk bersertifikat halal? Rincian 19 hanya ditanyakan kepada kategori usaha/perusahaan khusus berdasarkan BPJPH.,Radio Group,
tgr_fd68e454.se2026_nested,sudah_halal,sudah_halal,193,SE2026 - L BLOK II,19,b. Berapa jumlah varian produk yang sudah bersertifikat halal BPJPH?,Number,
tgr_fd68e454.se2026_nested,belum_halal,belum_halal,194,SE2026 - L BLOK II,19,c. Berapa jumlah varian produk yang belum bersertifikat halal BPJPH?,Number,
tgr_fd68e454.se2026_nested,izin_edar_label,izin_edar,195,SE2026 - L BLOK II,20,a. Apakah usaha/perusahaan ini memiliki izin edar? Rincian 20 hanya ditanyakan kepada kategori usaha/perusahaan khusus berdasarkan BPOM.,Radio Group,
tgr_fd68e454.se2026_nested,izin_edar_value,izin_edar,195,SE2026 - L BLOK II,20,a. Apakah usaha/perusahaan ini memiliki izin edar? Rincian 20 hanya ditanyakan kepada kategori usaha/perusahaan khusus berdasarkan BPOM.,Radio Group,
tgr_fd68e454.se2026_nested,sudah_bpom,sudah_bpom,196,SE2026 - L BLOK II,20,b. Berapa jumlah varian produk yang sudah memiliki izin edar BPOM?,Number,
tgr_fd68e454.se2026_nested,belum_bpom,belum_bpom,197,SE2026 - L BLOK II,20,c. Berapa jumlah varian produk yang belum memiliki izin edar BPOM?,Number,
tgr_fd68e454.se2026_nested,mitra_kdkmp_label,mitra_kdkmp,198,SE2026 - L BLOK II,21,Apakah usaha/perusahaan ini bermitra dengan Koperasi Desa/Kelurahan Merah Putih (KDKMP)?,Radio Group,
tgr_fd68e454.se2026_nested,mitra_kdkmp_value,mitra_kdkmp,198,SE2026 - L BLOK II,21,Apakah usaha/perusahaan ini bermitra dengan Koperasi Desa/Kelurahan Merah Putih (KDKMP)?,Radio Group,
tgr_fd68e454.se2026_nested,peran_mbg_label,peran_mbg,199,SE2026 - L BLOK II,22,Apakah usaha/perusahaan ini terlibat dalam program Makan Bergizi Gratis (MBG)?,Radio Group,
tgr_fd68e454.se2026_nested,peran_mbg_value,peran_mbg,199,SE2026 - L BLOK II,22,Apakah usaha/perusahaan ini terlibat dalam program Makan Bergizi Gratis (MBG)?,Radio Group,
tgr_fd68e454.se2026_nested,barang_non_pddk_label,barang_non_pddk,200,SE2026 - L BLOK II,23,a. Penjualan dan/atau pembelian barang,Radio Group,
tgr_fd68e454.se2026_nested,barang_non_pddk_value,barang_non_pddk,200,SE2026 - L BLOK II,23,a. Penjualan dan/atau pembelian barang,Radio Group,
tgr_fd68e454.se2026_nested,jasa_non_pddk_label,jasa_non_pddk,201,SE2026 - L BLOK II,23,b. Penjualan jasa,Radio Group,
tgr_fd68e454.se2026_nested,jasa_non_pddk_value,jasa_non_pddk,201,SE2026 - L BLOK II,23,b. Penjualan jasa,Radio Group,
tgr_fd68e454.se2026_nested,beli_jasa_non_pddk_label,beli_jasa_non_pddk,202,SE2026 - L BLOK II,23,c. Pembelian jasa,Radio Group,
tgr_fd68e454.se2026_nested,beli_jasa_non_pddk_value,beli_jasa_non_pddk,202,SE2026 - L BLOK II,23,c. Pembelian jasa,Radio Group,
tgr_fd68e454.se2026_nested,tk_laki,tk_laki,203,SE2026 - L BLOK II,24,a1. Pekerja laki-laki,Number,
tgr_fd68e454.se2026_nested,tk_pr,tk_pr,204,SE2026 - L BLOK II,24,b1. Pekerja perempuan,Number,
tgr_fd68e454.se2026_nested,total_tk_jk,total_tk_jk,205,SE2026 - L BLOK II,24,c1. Total pekerja (a1+b1),Number,
tgr_fd68e454.se2026_nested,cek_tk_jk_pml_label,cek_tk_jk_pml,206,SE2026 - L BLOK II,,Cek Pekerja (c1) (Diisi oleh PML),Radio Group,
tgr_fd68e454.se2026_nested,cek_tk_jk_pml_value,cek_tk_jk_pml,206,SE2026 - L BLOK II,,Cek Pekerja (c1) (Diisi oleh PML),Radio Group,
tgr_fd68e454.se2026_nested,tk_dibayar,tk_dibayar,207,SE2026 - L BLOK II,24,a2. Pekerja dibayar,Number,
tgr_fd68e454.se2026_nested,tk_tdk_dibayar,tk_tdk_dibayar,208,SE2026 - L BLOK II,24,b2. Pekerja tidak dibayar,Number,
tgr_fd68e454.se2026_nested,total_tk_bayar,total_tk_bayar,209,SE2026 - L BLOK II,24,c2. Total pekerja (a2+b2),Number,
tgr_fd68e454.se2026_nested,cek_tk_bayar_pml_label,cek_tk_bayar_pml,210,SE2026 - L BLOK II,,Cek Pekerja (24. c2) (Diisi oleh PML),Radio Group,
tgr_fd68e454.se2026_nested,cek_tk_bayar_pml_value,cek_tk_bayar_pml,210,SE2026 - L BLOK II,,Cek Pekerja (24. c2) (Diisi oleh PML),Radio Group,
tgr_fd68e454.se2026_nested,tahun_operasi,tahun_operasi,211,SE2026 - L BLOK II,25,Tahun berapa usaha/perusahaan ini mulai beroperasi secara komersial ? Tahun beroperasi komersial terdiri dari 4 angka. Contoh: 1990; 2025;dsb.,Masking,
tgr_fd68e454.se2026_nested,gaji,gaji,212,SE2026 - L BLOK II,26,"a. Total upah dan gaji, serta jaminan sosial pegawai",Currency,
tgr_fd68e454.se2026_nested,biaya_produksi,biaya_produksi,213,SE2026 - L BLOK II,26,b. Biaya produksi,Currency,
tgr_fd68e454.se2026_nested,biaya_pembelian,biaya_pembelian,214,SE2026 - L BLOK II,26,c. Biaya pembelian barang yang terjual,Currency,
tgr_fd68e454.se2026_nested,operasional,operasional,215,SE2026 - L BLOK II,26,"d. Biaya operasional (air, listrik, gas, internet, pulsa, pemeliharaan, biaya angkutan, dll.)",Currency,
tgr_fd68e454.se2026_nested,non_operasional,non_operasional,216,SE2026 - L BLOK II,26,e. Biaya non-operasional,Currency,
tgr_fd68e454.se2026_nested,total_pengeluaran,total_pengeluaran,217,SE2026 - L BLOK II,26,f. Total pengeluaran (a+b+c+d+e),Currency,
tgr_fd68e454.se2026_nested,cek_output26f_pml_label,cek_output26f_pml,218,SE2026 - L BLOK II,,Cek Rincian Pengeluaran 2025 (Diisi oleh PML),Radio Group,
tgr_fd68e454.se2026_nested,cek_output26f_pml_value,cek_output26f_pml,218,SE2026 - L BLOK II,,Cek Rincian Pengeluaran 2025 (Diisi oleh PML),Radio Group,
tgr_fd68e454.se2026_nested,nilai_pendapatan,nilai_pendapatan,219,SE2026 - L BLOK II,27,a. Nilai $narasi barang dan jasa,Currency,
tgr_fd68e454.se2026_nested,pendapatan_lain,pendapatan_lain,220,SE2026 - L BLOK II,27,b. Pendapatan lainnya yang dihasilkan perusahaan,Currency,
tgr_fd68e454.se2026_nested,total_pendapatan,total_pendapatan,221,SE2026 - L BLOK II,27,c. Total nilai $narasi (a+b),Currency,
tgr_fd68e454.se2026_nested,cek_input27c_pml_label,cek_input27c_pml,222,SE2026 - L BLOK II,,Cek Rincian Pendapatan 2025 (Diisi oleh PML),Radio Group,
tgr_fd68e454.se2026_nested,cek_input27c_pml_value,cek_input27c_pml,222,SE2026 - L BLOK II,,Cek Rincian Pendapatan 2025 (Diisi oleh PML),Radio Group,
tgr_fd68e454.se2026_nested,pendapatan_online,pendapatan_online,223,SE2026 - L BLOK II,27,d. Berapa persentase pendapatan yang dilakukan secara online ?,Number,
tgr_fd68e454.se2026_nested,aset_usaha_thn,aset_usaha_thn,224,SE2026 - L BLOK II,28,a. Nilai aset tanah dan bangunan pada 31 Desember 2025,Currency,
tgr_fd68e454.se2026_nested,aset_lain_thn,aset_lain_thn,225,SE2026 - L BLOK II,28,b. Nilai aset selain tanah dan bangunan pada 31 Desember 2025,Currency,
tgr_fd68e454.se2026_nested,total_aset_thn,total_aset_thn,226,SE2026 - L BLOK II,28,c. Nilai total aset pada 31 Desember 2025,Currency,
tgr_fd68e454.se2026_nested,rentang_aset_thn_label,rentang_aset_thn,227,SE2026 - L BLOK II,28,"c1. Jika tidak dapat mengisikan nilai nominal, pilih nilai total aset dalam rentang berikut",Radio Group,
tgr_fd68e454.se2026_nested,rentang_aset_thn_value,rentang_aset_thn,227,SE2026 - L BLOK II,28,"c1. Jika tidak dapat mengisikan nilai nominal, pilih nilai total aset dalam rentang berikut",Radio Group,
tgr_fd68e454.se2026_nested,luas_tanah_thn,luas_tanah_thn,228,SE2026 - L BLOK II,28,d. Berapa luas tanah yang dikuasai dan digunakan untuk kegiatan usaha pada 31 Desember 2025 ? (m 2 ),Number,
tgr_fd68e454.se2026_nested,cek_asetThn_pml_label,cek_asetThn_pml,229,SE2026 - L BLOK II,,Cek Rincian Aset 31 Des 2025 (Diisi oleh PML),Radio Group,
tgr_fd68e454.se2026_nested,cek_asetThn_pml_value,cek_asetThn_pml,229,SE2026 - L BLOK II,,Cek Rincian Aset 31 Des 2025 (Diisi oleh PML),Radio Group,
tgr_fd68e454.se2026_nested,pribadi,pribadi,230,SE2026 - L BLOK II,29,a. Pribadi/Perorangan,DecimalInput,
tgr_fd68e454.se2026_nested,non_profit,non_profit,231,SE2026 - L BLOK II,29,b. Lembaga Nonprofit yang Melayani Rumah Tangga,DecimalInput,
tgr_fd68e454.se2026_nested,publik,publik,232,SE2026 - L BLOK II,29,c. Korporasi Publik,DecimalInput,
tgr_fd68e454.se2026_nested,non_publik,non_publik,233,SE2026 - L BLOK II,29,d. Korporasi Non Publik,DecimalInput,
tgr_fd68e454.se2026_nested,pemerintah,pemerintah,234,SE2026 - L BLOK II,29,e. Pemerintah,DecimalInput,
tgr_fd68e454.se2026_nested,asing,asing,235,SE2026 - L BLOK II,29,f. Asing,DecimalInput,
tgr_fd68e454.se2026_nested,info_total,info_total,236,SE2026 - L BLOK II,29,g. Total (a+b+c+d+e+f) = 100 %,Number,
tgr_fd68e454.se2026_nested,gaji_bln,gaji_bln,237,SE2026 - L BLOK II,30,"a. Total upah dan gaji, serta jaminan sosial pegawai",Currency,
tgr_fd68e454.se2026_nested,biaya_produksi_bln,biaya_produksi_bln,238,SE2026 - L BLOK II,30,b. Biaya produksi,Currency,
tgr_fd68e454.se2026_nested,biaya_pembelian_bln,biaya_pembelian_bln,239,SE2026 - L BLOK II,30,c. Biaya pembelian barang yang terjual,Currency,
tgr_fd68e454.se2026_nested,operasional_bln,operasional_bln,240,SE2026 - L BLOK II,30,"d. Biaya operasional (air, listrik, gas, internet, pulsa, pemeliharaan, biaya angkutan)",Currency,
tgr_fd68e454.se2026_nested,non_operasional_bln,non_operasional_bln,241,SE2026 - L BLOK II,30,e. Biaya non-operasional,Currency,
tgr_fd68e454.se2026_nested,cek_output30f_pml_label,cek_output30f_pml,242,SE2026 - L BLOK II,,Cek Rincian Pengeluaran di satu bulan terakhir (Diisi oleh PML),Radio Group,
tgr_fd68e454.se2026_nested,cek_output30f_pml_value,cek_output30f_pml,242,SE2026 - L BLOK II,,Cek Rincian Pengeluaran di satu bulan terakhir (Diisi oleh PML),Radio Group,
tgr_fd68e454.se2026_nested,total_pengeluaran_bln,total_pengeluaran_bln,243,SE2026 - L BLOK II,30,f. Total pengeluaran (a+b+c+d+e),Currency,
tgr_fd68e454.se2026_nested,nilai_pendapatan_bln,nilai_pendapatan_bln,244,SE2026 - L BLOK II,31,a. Nilai $narasi barang dan jasa,Currency,
tgr_fd68e454.se2026_nested,pendapatan_lain_bln,pendapatan_lain_bln,245,SE2026 - L BLOK II,31,b. Pendapatan lainnya yang dihasilkan,Currency,
tgr_fd68e454.se2026_nested,total_pendapatan_bln,total_pendapatan_bln,246,SE2026 - L BLOK II,31,c. Total nilai $narasi (a+b),Currency,
tgr_fd68e454.se2026_nested,cek_input31c_pml_label,cek_input31c_pml,247,SE2026 - L BLOK II,,Cek Rincian Pendapatan di satu bulan terakhir (Diisi oleh PML),Radio Group,
tgr_fd68e454.se2026_nested,cek_input31c_pml_value,cek_input31c_pml,247,SE2026 - L BLOK II,,Cek Rincian Pendapatan di satu bulan terakhir (Diisi oleh PML),Radio Group,
tgr_fd68e454.se2026_nested,pendapatan_online_bln,pendapatan_online_bln,248,SE2026 - L BLOK II,31,d. Berapa persentase pendapatan yang dilakukan secara online ?,Number,
tgr_fd68e454.se2026_nested,aset_tanah_bln,aset_tanah_bln,250,SE2026 - L BLOK II,32,a. Nilai aset tanah dan bangunan pada akhir bulan yang lalu,Currency,
tgr_fd68e454.se2026_nested,aset_lain_bln,aset_lain_bln,251,SE2026 - L BLOK II,32,b. Nilai aset selain tanah dan bangunan pada akhir bulan yang lalu,Currency,
tgr_fd68e454.se2026_nested,total_aset_bln,total_aset_bln,252,SE2026 - L BLOK II,32,c. Nilai total aset pada akhir bulan yang lalu*,Variable,
tgr_fd68e454.se2026_nested,rentang_aset_bln_label,rentang_aset_bln,253,SE2026 - L BLOK II,32,"c1. Jika tidak dapat mengisikan nilai nominal, pilih nilai total aset dalam rentang berikut:",Radio Group,
tgr_fd68e454.se2026_nested,rentang_aset_bln_value,rentang_aset_bln,253,SE2026 - L BLOK II,32,"c1. Jika tidak dapat mengisikan nilai nominal, pilih nilai total aset dalam rentang berikut:",Radio Group,
tgr_fd68e454.se2026_nested,luas_tanah_bln,luas_tanah_bln,254,SE2026 - L BLOK II,32,d. Berapa luas tanah yang dikuasai dan digunakan untuk kegiatan usaha pada akhir bulan yang lalu (m 2 ) ?,Number,
tgr_fd68e454.se2026_nested,cek_asetBln_pml_label,cek_asetBln_pml,255,SE2026 - L BLOK II,,Cek Rincian aset pada akhir bulan yang lalu (Diisi oleh PML),Radio Group,
tgr_fd68e454.se2026_nested,cek_asetBln_pml_value,cek_asetBln_pml,255,SE2026 - L BLOK II,,Cek Rincian aset pada akhir bulan yang lalu (Diisi oleh PML),Radio Group,
tgr_fd68e454.se2026_nested,pribadi_didirikan,pribadi_didirikan,256,SE2026 - L BLOK II,33,a. Pribadi/Perorangan,DecimalInput,
tgr_fd68e454.se2026_nested,nonprofit_didirikan,nonprofit_didirikan,257,SE2026 - L BLOK II,33,b. Lembaga Nonprofit yang Melayani Rumah Tangga,DecimalInput,
tgr_fd68e454.se2026_nested,publik_didirikan,publik_didirikan,258,SE2026 - L BLOK II,33,c. Korporasi publik (%),DecimalInput,
tgr_fd68e454.se2026_nested,nonpublik_didirikan,nonpublik_didirikan,259,SE2026 - L BLOK II,33,d. Korporasi Non Publik,DecimalInput,
tgr_fd68e454.se2026_nested,pemerintah_didirikan,pemerintah_didirikan,260,SE2026 - L BLOK II,33,e. Pemerintah,DecimalInput,
tgr_fd68e454.se2026_nested,asing_didirikan,asing_didirikan,261,SE2026 - L BLOK II,33,f. Asing,DecimalInput,
tgr_fd68e454.se2026_nested,info_total_didirikan,info_total_didirikan,262,SE2026 - L BLOK II,33,g. Total (a+b+c+d+e+f) = 100 %,Number,
tgr_fd68e454.se2026_nested,pilih_umkm_options,pilih_umkm_options,555,,,Opsi Pilih UMKM dalam satu SLS yang sama,Variable,
tgr_fd68e454.se2026_nested,kode_keberadaan_usaha,kode_keberadaan_usaha,574,,,Pilihan untuk keberadaan Usaha,Variable,
tgr_fd68e454.se2026_nested,skala_usaha,skala_usaha,576,,,skala_usaha,Variable,
tgr_fd68e454.se2026_nested,is_prelist2,is_prelist2,577,,,Is_Prelist2,Variable,
tgr_fd68e454.se2026_nested,id_pmss,id_pmss,579,,,id_pmss,Variable,
tgr_fd68e454.se2026_nested,idsbr,idsbr,581,,,ID SBR,Variable,
tgr_fd68e454.se2026_nested,alamat_usaha_var,alamat_usaha_var,582,,8,c. Alamat usaha/perusahaan,Variable,
tgr_fd68e454.se2026_nested,alamat_usaha,alamat_usaha,583,,,alamat_usaha,Variable,
tgr_fd68e454.se2026_nested,hasilCekNIB,hasilCekNIB,587,,,​,Variable,
tgr_fd68e454.se2026_nested,pengusaha_var_prelist,pengusaha_var_prelist,589,,,pengusaha_var_prelist,Variable,
tgr_fd68e454.se2026_nested,hasilPemadananNIK_l,hasilPemadananNIK_l,591,,,Hasil Pengecekkan NIK,Variable,
tgr_fd68e454.se2026_nested,jenis_kegiatan,jenis_kegiatan,594,,,jenis_kegiatan,Variable,
tgr_fd68e454.se2026_nested,kbli_prelist,kbli_prelist,597,,,kbli_prelist,Variable,
tgr_fd68e454.se2026_nested,kbli_genai_cawi,kbli_genai_cawi,598,,,kbli_genai_cawi,Variable,
tgr_fd68e454.se2026_nested,kbli_cawi,kbli_cawi,599,,,kbli_cawi,Variable,
tgr_fd68e454.se2026_nested,kbli_akhir,kbli_akhir,601,,,KBLI Akhir,Variable,
tgr_fd68e454.se2026_nested,kategori_2025,kategori_2025,602,,,kategori_2025,Variable,
tgr_fd68e454.se2026_nested,msg_error_kategori,msg_error_kategori,603,,,,Variable,
tgr_fd68e454.se2026_nested,total_tk_jk_var,total_tk_jk_var,610,,,total_tk_jk_var,Variable,
tgr_fd68e454.se2026_nested,total_tk_bayar_var,total_tk_bayar_var,611,,,total_tk_bayar_var,Variable,
tgr_fd68e454.se2026_nested,total_pengeluaran_var,total_pengeluaran_var,614,,,total_pengeluaran_var,Variable,
tgr_fd68e454.se2026_nested,total_pendapatan_var,total_pendapatan_var,616,,,total_pendapatan_var,Variable,
tgr_fd68e454.se2026_nested,total_aset_thn_var,total_aset_thn_var,617,,,total_aset_thn_var,Variable,
tgr_fd68e454.se2026_nested,info_total_var,info_total_var,618,,,info_total_var,Variable,
tgr_fd68e454.se2026_nested,total_pengeluaran_bln_var,total_pengeluaran_bln_var,619,,,total_pengeluaran_bln,Variable,
tgr_fd68e454.se2026_nested,total_pendapatan_bln_var,total_pendapatan_bln_var,620,,,total_pendapatan_bln_var,Variable,
tgr_fd68e454.se2026_nested,cek5,cek5,621,,,New Question,Variable,
tgr_fd68e454.se2026_nested,info_total_didirikan_var,info_total_didirikan_var,622,,,info_total_didirikan_var,Variable,
tgr_fd68e454.se2026_nested,assignment_id,assignment_id,,,,,,ID Assignment
tgr_fd68e454.se2026_nested,index1,index1,,,,,,ID Roster/Nested Level 1
tgr_fd68e454.se2026_nested,level_1_full_code,level_1_full_code,,,,,,Kode Lengkap Provinsi
tgr_fd68e454.se2026_nested,level_2_full_code,level_2_full_code,,,,,,Kode Lengkap Kabupaten/Kota
tgr_fd68e454.se2026_nested,art_pengusaha_filter,art_pengusaha_filter,,,,,,
tgr_fd68e454.se2026_nested,assignment_date_modified,assignment_date_modified,,,,,,Tanggal Assignment Terakhir Diubah
tgr_fd68e454.se2026_nested,assignment_id_timestamp,assignment_id_timestamp,,,,,,ID Assignment + Timestamp
tgr_fd68e454.se2026_nested,assignment_listing,assignment_listing,,,,,,"1 = Assignment Tambahan, 0 = Assignment Prelist"
tgr_fd68e454.se2026_nested,assignment_status_alias,assignment_status_alias,,,,,,Status Assignment
tgr_fd68e454.se2026_nested,assignment_status_id,assignment_status_id,,,,,,ID Status Assignment
tgr_fd68e454.se2026_nested,cek_nib,cek_nib,,,,,,
tgr_fd68e454.se2026_nested,is_active,is_active,,,,,,"1 = Aktif, 0 = Dihapus"
tgr_fd68e454.se2026_nested,level_1_code,level_1_code,,,,,,Kode Provinsi
tgr_fd68e454.se2026_nested,level_1_name,level_1_name,,,,,,Provinsi
tgr_fd68e454.se2026_nested,level_10_code,level_10_code,,,,,,
tgr_fd68e454.se2026_nested,level_10_full_code,level_10_full_code,,,,,,
tgr_fd68e454.se2026_nested,level_10_name,level_10_name,,,,,,
tgr_fd68e454.se2026_nested,level_2_code,level_2_code,,,,,,Kode Kabupaten/Kota
tgr_fd68e454.se2026_nested,level_2_name,level_2_name,,,,,,Kabupaten/Kota
tgr_fd68e454.se2026_nested,level_3_code,level_3_code,,,,,,Kode Kecamatan
tgr_fd68e454.se2026_nested,level_3_full_code,level_3_full_code,,,,,,Kode Lengkap Kecamatan
tgr_fd68e454.se2026_nested,level_3_name,level_3_name,,,,,,Kecamatan
tgr_fd68e454.se2026_nested,level_4_code,level_4_code,,,,,,Kode Kelurahan/Desa
tgr_fd68e454.se2026_nested,level_4_full_code,level_4_full_code,,,,,,Kode Lengkap Kelurahan/Desa
tgr_fd68e454.se2026_nested,level_4_name,level_4_name,,,,,,Kelurahan/Desa
tgr_fd68e454.se2026_nested,level_5_code,level_5_code,,,,,,Kode SLS
tgr_fd68e454.se2026_nested,level_5_full_code,level_5_full_code,,,,,,Kode Lengkap SLS
tgr_fd68e454.se2026_nested,level_5_name,level_5_name,,,,,,SLS
tgr_fd68e454.se2026_nested,level_6_code,level_6_code,,,,,,Kode Sub-SLS
tgr_fd68e454.se2026_nested,level_6_full_code,level_6_full_code,,,,,,Kode Lengkap Sub-SLS
tgr_fd68e454.se2026_nested,level_6_name,level_6_name,,,,,,Sub-SLS
tgr_fd68e454.se2026_nested,level_7_code,level_7_code,,,,,,
tgr_fd68e454.se2026_nested,level_7_full_code,level_7_full_code,,,,,,
tgr_fd68e454.se2026_nested,level_7_name,level_7_name,,,,,,
tgr_fd68e454.se2026_nested,level_8_code,level_8_code,,,,,,
tgr_fd68e454.se2026_nested,level_8_full_code,level_8_full_code,,,,,,
tgr_fd68e454.se2026_nested,level_8_name,level_8_name,,,,,,
tgr_fd68e454.se2026_nested,level_9_code,level_9_code,,,,,,
tgr_fd68e454.se2026_nested,level_9_full_code,level_9_full_code,,,,,,
tgr_fd68e454.se2026_nested,level_9_name,level_9_name,,,,,,
tgr_fd68e454.se2026_nested,survey_period_id,survey_period_id,,,,,,ID Periode Survei
tgr_fd68e454.se2026_nested,survey_period_name,survey_period_name,,,,,,